id,name,description
21411983-2afb-4e20-ace7-f33766bdcf22,name-2141198,description-2141198
21411996-8e8f-4b9e-916e-6052813d7cda,name-2141199,description-2141199
2141200e-613a-4fb8-8830-58320d0afcda,name-2141200,description-2141200
21412015-8fde-4ad0-b9a1-1339717c67db,name-2141201,description-2141201
21412024-550d-4c1c-83b3-30e42d9867c2,name-2141202,description-2141202
21412030-1d96-4f52-825e-b28f98ce5101,name-2141203,description-2141203
21412044-6304-4521-8fee-dc022af8cbfb,name-2141204,description-2141204
21412053-6766-4b40-8474-e090243ed848,name-2141205,description-2141205
21412063-4fc4-4d81-8625-9cbad0716cd8,name-2141206,description-2141206
21412070-fa18-4d33-8170-e4e6c3fb7a51,name-2141207,description-2141207